-- phpMyAdmin SQL Dump
-- version 5.2.1
-- https://www.phpmyadmin.net/
--
-- Host: 127.0.0.1
-- Tempo de geração: 08/01/2024 às 21:05
-- Versão do servidor: 10.4.28-MariaDB
-- Versão do PHP: 8.2.4

SET SQL_MODE = "NO_AUTO_VALUE_ON_ZERO";
START TRANSACTION;
SET time_zone = "+00:00";


/*!40101 SET @OLD_CHARACTER_SET_CLIENT=@@CHARACTER_SET_CLIENT */;
/*!40101 SET @OLD_CHARACTER_SET_RESULTS=@@CHARACTER_SET_RESULTS */;
/*!40101 SET @OLD_COLLATION_CONNECTION=@@COLLATION_CONNECTION */;
/*!40101 SET NAMES utf8mb4 */;

--
-- Banco de dados: `desafiositcon`
--

-- --------------------------------------------------------

--
-- Estrutura para tabela `pacientes`
--

CREATE TABLE `pacientes` (
  `id` int(11) NOT NULL,
  `nome` varchar(50) NOT NULL,
  `dataNasc` date NOT NULL,
  `CPF` varchar(12) NOT NULL,
  `status` varchar(7) NOT NULL
) ENGINE=InnoDB DEFAULT CHARSET=utf8mb4 COLLATE=utf8mb4_general_ci;

--
-- Despejando dados para a tabela `pacientes`
--

INSERT INTO `pacientes` (`id`, `nome`, `dataNasc`, `CPF`, `status`) VALUES
(1, 'Augusto Fernandes', '2000-08-10', '08901129671', 'ativo'),
(2, 'Maria Silva Oliveira', '1999-03-21', '08901129671', 'ativo'),
(3, 'Alfonse Smikchuz', '2002-10-02', '08901129671', 'ativo'),
(4, 'Nagela Perreira', '1997-05-16', '08901129671', 'ativo'),
(5, 'Gustavo Hernanes', '2001-07-10', '08901129671', 'ativo'),
(6, 'João Paulo Ferreira', '1995-06-26', '08901129671', 'inativo'),
(7, 'Julio Costa Martins', '1980-11-23', '08901129671', 'ativo'),
(8, 'Helena Marques', '2000-01-11', '08901129671', 'ativo'),
(9, 'Zira Silva', '2003-02-14', '08901129671', 'ativo'),
(10, 'João Bicalho', '1993-03-12', '08901129671', 'inativo'),
(11, 'Paulina Araujo', '2002-08-10', '08901129671', 'ativo'),
(12, 'Carolina Rosa Silva', '2001-12-24', '08901129671', 'ativo'),
(13, 'PACIENTE_0', '2000-08-10', '21029829309', 'ativo'),
(14, 'PACIENTE_1', '2000-08-10', '21029829309', 'ativo'),
(15, 'PACIENTE_2', '2000-08-10', '21029829309', 'ativo'),
(16, 'PACIENTE_3', '2000-08-10', '21029829309', 'ativo'),
(17, 'PACIENTE_4', '2000-08-10', '21029829309', 'ativo'),
(18, 'PACIENTE_5', '2000-08-10', '21029829309', 'ativo'),
(19, 'PACIENTE_6', '2000-08-10', '21029829309', 'ativo'),
(20, 'PACIENTE_7', '2000-08-10', '21029829309', 'ativo'),
(21, 'PACIENTE_8', '2000-08-10', '21029829309', 'ativo'),
(22, 'PACIENTE_9', '2000-08-10', '21029829309', 'ativo'),
(23, 'PACIENTE_10', '2000-08-10', '21029829309', 'ativo'),
(24, 'PACIENTE_11', '2000-08-10', '21029829309', 'ativo'),
(25, 'PACIENTE_12', '2000-08-10', '21029829309', 'ativo'),
(26, 'PACIENTE_13', '2000-08-10', '21029829309', 'ativo'),
(27, 'PACIENTE_14', '2000-08-10', '21029829309', 'ativo'),
(28, 'PACIENTE_15', '2000-08-10', '21029829309', 'ativo'),
(29, 'PACIENTE_16', '2000-08-10', '21029829309', 'ativo'),
(30, 'PACIENTE_17', '2000-08-10', '21029829309', 'ativo'),
(31, 'PACIENTE_18', '2000-08-10', '21029829309', 'ativo'),
(32, 'PACIENTE_19', '2000-08-10', '21029829309', 'ativo'),
(33, 'PACIENTE_20', '2000-08-10', '21029829309', 'ativo'),
(34, 'PACIENTE_21', '2000-08-10', '21029829309', 'ativo'),
(35, 'PACIENTE_22', '2000-08-10', '21029829309', 'ativo'),
(36, 'PACIENTE_23', '2000-08-10', '21029829309', 'ativo'),
(37, 'PACIENTE_24', '2000-08-10', '21029829309', 'ativo'),
(38, 'PACIENTE_25', '2000-08-10', '21029829309', 'ativo'),
(39, 'PACIENTE_26', '2000-08-10', '21029829309', 'ativo'),
(40, 'PACIENTE_27', '2000-08-10', '21029829309', 'ativo'),
(41, 'PACIENTE_28', '2000-08-10', '21029829309', 'ativo'),
(42, 'PACIENTE_29', '2000-08-10', '21029829309', 'ativo'),
(43, 'PACIENTE_30', '2000-08-10', '21029829309', 'ativo'),
(44, 'PACIENTE_31', '2000-08-10', '21029829309', 'ativo'),
(45, 'PACIENTE_32', '2000-08-10', '21029829309', 'ativo'),
(46, 'PACIENTE_33', '2000-08-10', '21029829309', 'ativo'),
(47, 'PACIENTE_34', '2000-08-10', '21029829309', 'ativo'),
(48, 'PACIENTE_35', '2000-08-10', '21029829309', 'ativo'),
(49, 'PACIENTE_36', '2000-08-10', '21029829309', 'ativo'),
(50, 'PACIENTE_37', '2000-08-10', '21029829309', 'ativo'),
(51, 'PACIENTE_38', '2000-08-10', '21029829309', 'ativo'),
(52, 'PACIENTE_39', '2000-08-10', '21029829309', 'ativo'),
(53, 'PACIENTE_40', '2000-08-10', '21029829309', 'ativo'),
(54, 'PACIENTE_41', '2000-08-10', '21029829309', 'ativo'),
(55, 'PACIENTE_42', '2000-08-10', '21029829309', 'ativo'),
(56, 'PACIENTE_43', '2000-08-10', '21029829309', 'ativo'),
(57, 'PACIENTE_44', '2000-08-10', '21029829309', 'ativo'),
(58, 'PACIENTE_45', '2000-08-10', '21029829309', 'ativo'),
(59, 'PACIENTE_46', '2000-08-10', '21029829309', 'ativo'),
(60, 'PACIENTE_47', '2000-08-10', '21029829309', 'ativo'),
(61, 'PACIENTE_48', '2000-08-10', '21029829309', 'ativo'),
(62, 'PACIENTE_49', '2000-08-10', '21029829309', 'ativo'),
(63, 'PACIENTE_50', '2000-08-10', '21029829309', 'ativo'),
(64, 'PACIENTE_51', '2000-08-10', '21029829309', 'ativo'),
(65, 'PACIENTE_52', '2000-08-10', '21029829309', 'ativo'),
(66, 'PACIENTE_53', '2000-08-10', '21029829309', 'ativo'),
(67, 'PACIENTE_54', '2000-08-10', '21029829309', 'ativo'),
(68, 'PACIENTE_55', '2000-08-10', '21029829309', 'ativo'),
(69, 'PACIENTE_56', '2000-08-10', '21029829309', 'ativo'),
(70, 'PACIENTE_57', '2000-08-10', '21029829309', 'ativo'),
(71, 'PACIENTE_58', '2000-08-10', '21029829309', 'ativo'),
(72, 'PACIENTE_59', '2000-08-10', '21029829309', 'ativo'),
(73, 'PACIENTE_60', '2000-08-10', '21029829309', 'ativo'),
(74, 'PACIENTE_61', '2000-08-10', '21029829309', 'ativo'),
(75, 'PACIENTE_62', '2000-08-10', '21029829309', 'ativo'),
(76, 'PACIENTE_63', '2000-08-10', '21029829309', 'ativo'),
(77, 'PACIENTE_64', '2000-08-10', '21029829309', 'ativo'),
(78, 'PACIENTE_65', '2000-08-10', '21029829309', 'ativo'),
(79, 'PACIENTE_66', '2000-08-10', '21029829309', 'ativo'),
(80, 'PACIENTE_67', '2000-08-10', '21029829309', 'ativo'),
(81, 'PACIENTE_68', '2000-08-10', '21029829309', 'ativo'),
(82, 'PACIENTE_69', '2000-08-10', '21029829309', 'ativo'),
(83, 'PACIENTE_70', '2000-08-10', '21029829309', 'ativo'),
(84, 'PACIENTE_71', '2000-08-10', '21029829309', 'ativo'),
(85, 'PACIENTE_72', '2000-08-10', '21029829309', 'ativo'),
(86, 'PACIENTE_73', '2000-08-10', '21029829309', 'ativo'),
(87, 'PACIENTE_74', '2000-08-10', '21029829309', 'ativo'),
(88, 'PACIENTE_75', '2000-08-10', '21029829309', 'ativo'),
(89, 'PACIENTE_76', '2000-08-10', '21029829309', 'ativo'),
(90, 'PACIENTE_77', '2000-08-10', '21029829309', 'ativo'),
(91, 'PACIENTE_78', '2000-08-10', '21029829309', 'ativo'),
(92, 'PACIENTE_79', '2000-08-10', '21029829309', 'ativo'),
(93, 'PACIENTE_80', '2000-08-10', '21029829309', 'ativo'),
(94, 'PACIENTE_81', '2000-08-10', '21029829309', 'ativo'),
(95, 'PACIENTE_82', '2000-08-10', '21029829309', 'ativo'),
(96, 'PACIENTE_83', '2000-08-10', '21029829309', 'ativo'),
(97, 'PACIENTE_84', '2000-08-10', '21029829309', 'ativo'),
(98, 'PACIENTE_85', '2000-08-10', '21029829309', 'ativo'),
(99, 'PACIENTE_86', '2000-08-10', '21029829309', 'ativo'),
(100, 'PACIENTE_87', '2000-08-10', '21029829309', 'ativo'),
(101, 'PACIENTE_88', '2000-08-10', '21029829309', 'ativo'),
(102, 'PACIENTE_89', '2000-08-10', '21029829309', 'ativo'),
(103, 'PACIENTE_90', '2000-08-10', '21029829309', 'ativo'),
(104, 'PACIENTE_91', '2000-08-10', '21029829309', 'ativo'),
(105, 'PACIENTE_92', '2000-08-10', '21029829309', 'ativo'),
(106, 'PACIENTE_93', '2000-08-10', '21029829309', 'ativo'),
(107, 'PACIENTE_94', '2000-08-10', '21029829309', 'ativo'),
(108, 'PACIENTE_95', '2000-08-10', '21029829309', 'ativo'),
(109, 'PACIENTE_96', '2000-08-10', '21029829309', 'ativo'),
(110, 'PACIENTE_97', '2000-08-10', '21029829309', 'ativo'),
(111, 'PACIENTE_98', '2000-08-10', '21029829309', 'ativo'),
(112, 'PACIENTE_99', '2000-08-10', '21029829309', 'ativo'),
(113, 'PACIENTE_100', '2000-08-10', '21029829309', 'ativo'),
(114, 'PACIENTE_101', '2000-08-10', '21029829309', 'ativo'),
(115, 'PACIENTE_102', '2000-08-10', '21029829309', 'ativo'),
(116, 'PACIENTE_103', '2000-08-10', '21029829309', 'ativo'),
(117, 'PACIENTE_104', '2000-08-10', '21029829309', 'ativo'),
(118, 'PACIENTE_105', '2000-08-10', '21029829309', 'ativo'),
(119, 'PACIENTE_106', '2000-08-10', '21029829309', 'ativo'),
(120, 'PACIENTE_107', '2000-08-10', '21029829309', 'ativo'),
(121, 'PACIENTE_108', '2000-08-10', '21029829309', 'ativo'),
(122, 'PACIENTE_109', '2000-08-10', '21029829309', 'ativo'),
(123, 'PACIENTE_110', '2000-08-10', '21029829309', 'ativo'),
(124, 'PACIENTE_111', '2000-08-10', '21029829309', 'ativo'),
(125, 'PACIENTE_112', '2000-08-10', '21029829309', 'ativo'),
(126, 'PACIENTE_113', '2000-08-10', '21029829309', 'ativo'),
(127, 'PACIENTE_114', '2000-08-10', '21029829309', 'ativo'),
(128, 'PACIENTE_115', '2000-08-10', '21029829309', 'ativo'),
(129, 'PACIENTE_116', '2000-08-10', '21029829309', 'ativo'),
(130, 'PACIENTE_117', '2000-08-10', '21029829309', 'ativo'),
(131, 'PACIENTE_118', '2000-08-10', '21029829309', 'ativo'),
(132, 'PACIENTE_119', '2000-08-10', '21029829309', 'ativo'),
(133, 'PACIENTE_120', '2000-08-10', '21029829309', 'ativo'),
(134, 'PACIENTE_121', '2000-08-10', '21029829309', 'ativo'),
(135, 'PACIENTE_122', '2000-08-10', '21029829309', 'ativo'),
(136, 'PACIENTE_123', '2000-08-10', '21029829309', 'ativo'),
(137, 'PACIENTE_124', '2000-08-10', '21029829309', 'ativo'),
(138, 'PACIENTE_125', '2000-08-10', '21029829309', 'ativo'),
(139, 'PACIENTE_126', '2000-08-10', '21029829309', 'ativo'),
(140, 'PACIENTE_127', '2000-08-10', '21029829309', 'ativo'),
(141, 'PACIENTE_128', '2000-08-10', '21029829309', 'ativo'),
(142, 'PACIENTE_129', '2000-08-10', '21029829309', 'ativo'),
(143, 'PACIENTE_130', '2000-08-10', '21029829309', 'ativo'),
(144, 'PACIENTE_131', '2000-08-10', '21029829309', 'ativo'),
(145, 'PACIENTE_132', '2000-08-10', '21029829309', 'ativo'),
(146, 'PACIENTE_133', '2000-08-10', '21029829309', 'ativo'),
(147, 'PACIENTE_134', '2000-08-10', '21029829309', 'ativo'),
(148, 'PACIENTE_135', '2000-08-10', '21029829309', 'ativo'),
(149, 'PACIENTE_136', '2000-08-10', '21029829309', 'ativo'),
(150, 'PACIENTE_137', '2000-08-10', '21029829309', 'ativo'),
(151, 'PACIENTE_138', '2000-08-10', '21029829309', 'ativo'),
(152, 'PACIENTE_139', '2000-08-10', '21029829309', 'ativo'),
(153, 'PACIENTE_140', '2000-08-10', '21029829309', 'ativo'),
(154, 'PACIENTE_141', '2000-08-10', '21029829309', 'ativo'),
(155, 'PACIENTE_142', '2000-08-10', '21029829309', 'ativo'),
(156, 'PACIENTE_143', '2000-08-10', '21029829309', 'ativo'),
(157, 'PACIENTE_144', '2000-08-10', '21029829309', 'ativo'),
(158, 'PACIENTE_145', '2000-08-10', '21029829309', 'ativo'),
(159, 'PACIENTE_146', '2000-08-10', '21029829309', 'ativo'),
(160, 'PACIENTE_147', '2000-08-10', '21029829309', 'ativo'),
(161, 'PACIENTE_148', '2000-08-10', '21029829309', 'ativo'),
(162, 'PACIENTE_149', '2000-08-10', '21029829309', 'ativo'),
(163, 'PACIENTE_150', '2000-08-10', '21029829309', 'ativo'),
(164, 'PACIENTE_151', '2000-08-10', '21029829309', 'ativo'),
(165, 'PACIENTE_152', '2000-08-10', '21029829309', 'ativo'),
(166, 'PACIENTE_153', '2000-08-10', '21029829309', 'ativo'),
(167, 'PACIENTE_154', '2000-08-10', '21029829309', 'ativo'),
(168, 'PACIENTE_155', '2000-08-10', '21029829309', 'ativo'),
(169, 'PACIENTE_156', '2000-08-10', '21029829309', 'ativo'),
(170, 'PACIENTE_157', '2000-08-10', '21029829309', 'ativo'),
(171, 'PACIENTE_158', '2000-08-10', '21029829309', 'ativo'),
(172, 'PACIENTE_159', '2000-08-10', '21029829309', 'ativo'),
(173, 'PACIENTE_160', '2000-08-10', '21029829309', 'ativo'),
(174, 'PACIENTE_161', '2000-08-10', '21029829309', 'ativo'),
(175, 'PACIENTE_162', '2000-08-10', '21029829309', 'ativo'),
(176, 'PACIENTE_163', '2000-08-10', '21029829309', 'ativo'),
(177, 'PACIENTE_164', '2000-08-10', '21029829309', 'ativo'),
(178, 'PACIENTE_165', '2000-08-10', '21029829309', 'ativo'),
(179, 'PACIENTE_166', '2000-08-10', '21029829309', 'ativo'),
(180, 'PACIENTE_167', '2000-08-10', '21029829309', 'ativo'),
(181, 'PACIENTE_168', '2000-08-10', '21029829309', 'ativo'),
(182, 'PACIENTE_169', '2000-08-10', '21029829309', 'ativo'),
(183, 'PACIENTE_170', '2000-08-10', '21029829309', 'ativo'),
(184, 'PACIENTE_171', '2000-08-10', '21029829309', 'ativo'),
(185, 'PACIENTE_172', '2000-08-10', '21029829309', 'ativo'),
(186, 'PACIENTE_173', '2000-08-10', '21029829309', 'ativo'),
(187, 'PACIENTE_174', '2000-08-10', '21029829309', 'ativo'),
(188, 'PACIENTE_175', '2000-08-10', '21029829309', 'ativo'),
(189, 'PACIENTE_176', '2000-08-10', '21029829309', 'ativo'),
(190, 'PACIENTE_177', '2000-08-10', '21029829309', 'ativo'),
(191, 'PACIENTE_178', '2000-08-10', '21029829309', 'ativo'),
(192, 'PACIENTE_179', '2000-08-10', '21029829309', 'ativo'),
(193, 'PACIENTE_180', '2000-08-10', '21029829309', 'ativo'),
(194, 'PACIENTE_181', '2000-08-10', '21029829309', 'ativo'),
(195, 'PACIENTE_182', '2000-08-10', '21029829309', 'ativo'),
(196, 'PACIENTE_183', '2000-08-10', '21029829309', 'ativo'),
(197, 'PACIENTE_184', '2000-08-10', '21029829309', 'ativo'),
(198, 'PACIENTE_185', '2000-08-10', '21029829309', 'ativo'),
(199, 'PACIENTE_186', '2000-08-10', '21029829309', 'ativo'),
(200, 'PACIENTE_187', '2000-08-10', '21029829309', 'ativo'),
(201, 'PACIENTE_188', '2000-08-10', '21029829309', 'ativo'),
(202, 'PACIENTE_189', '2000-08-10', '21029829309', 'ativo'),
(203, 'PACIENTE_190', '2000-08-10', '21029829309', 'ativo'),
(204, 'PACIENTE_191', '2000-08-10', '21029829309', 'ativo'),
(205, 'PACIENTE_192', '2000-08-10', '21029829309', 'ativo'),
(206, 'PACIENTE_193', '2000-08-10', '21029829309', 'ativo'),
(207, 'PACIENTE_194', '2000-08-10', '21029829309', 'ativo'),
(208, 'PACIENTE_195', '2000-08-10', '21029829309', 'ativo'),
(209, 'PACIENTE_196', '2000-08-10', '21029829309', 'ativo'),
(210, 'PACIENTE_197', '2000-08-10', '21029829309', 'ativo'),
(211, 'PACIENTE_198', '2000-08-10', '21029829309', 'ativo'),
(212, 'PACIENTE_199', '2000-08-10', '21029829309', 'ativo'),
(213, 'PACIENTE_200', '2000-08-10', '21029829309', 'ativo'),
(214, 'PACIENTE_201', '2000-08-10', '21029829309', 'ativo'),
(215, 'PACIENTE_202', '2000-08-10', '21029829309', 'ativo'),
(216, 'PACIENTE_203', '2000-08-10', '21029829309', 'ativo'),
(217, 'PACIENTE_204', '2000-08-10', '21029829309', 'ativo'),
(218, 'PACIENTE_205', '2000-08-10', '21029829309', 'ativo'),
(219, 'PACIENTE_206', '2000-08-10', '21029829309', 'ativo'),
(220, 'PACIENTE_207', '2000-08-10', '21029829309', 'ativo'),
(221, 'PACIENTE_208', '2000-08-10', '21029829309', 'ativo'),
(222, 'PACIENTE_209', '2000-08-10', '21029829309', 'ativo'),
(223, 'PACIENTE_210', '2000-08-10', '21029829309', 'ativo'),
(224, 'PACIENTE_211', '2000-08-10', '21029829309', 'ativo'),
(225, 'PACIENTE_212', '2000-08-10', '21029829309', 'ativo'),
(226, 'PACIENTE_213', '2000-08-10', '21029829309', 'ativo'),
(227, 'PACIENTE_214', '2000-08-10', '21029829309', 'ativo'),
(228, 'PACIENTE_215', '2000-08-10', '21029829309', 'ativo'),
(229, 'PACIENTE_216', '2000-08-10', '21029829309', 'ativo'),
(230, 'PACIENTE_217', '2000-08-10', '21029829309', 'ativo'),
(231, 'PACIENTE_218', '2000-08-10', '21029829309', 'ativo'),
(232, 'PACIENTE_219', '2000-08-10', '21029829309', 'ativo'),
(233, 'PACIENTE_220', '2000-08-10', '21029829309', 'ativo'),
(234, 'PACIENTE_221', '2000-08-10', '21029829309', 'ativo'),
(235, 'PACIENTE_222', '2000-08-10', '21029829309', 'ativo'),
(236, 'PACIENTE_223', '2000-08-10', '21029829309', 'ativo'),
(237, 'PACIENTE_224', '2000-08-10', '21029829309', 'ativo'),
(238, 'PACIENTE_225', '2000-08-10', '21029829309', 'ativo'),
(239, 'PACIENTE_226', '2000-08-10', '21029829309', 'ativo'),
(240, 'PACIENTE_227', '2000-08-10', '21029829309', 'ativo'),
(241, 'PACIENTE_228', '2000-08-10', '21029829309', 'ativo'),
(242, 'PACIENTE_229', '2000-08-10', '21029829309', 'ativo'),
(243, 'PACIENTE_230', '2000-08-10', '21029829309', 'ativo'),
(244, 'PACIENTE_231', '2000-08-10', '21029829309', 'ativo'),
(245, 'PACIENTE_232', '2000-08-10', '21029829309', 'ativo'),
(246, 'PACIENTE_233', '2000-08-10', '21029829309', 'ativo'),
(247, 'PACIENTE_234', '2000-08-10', '21029829309', 'ativo'),
(248, 'PACIENTE_235', '2000-08-10', '21029829309', 'ativo'),
(249, 'PACIENTE_236', '2000-08-10', '21029829309', 'ativo'),
(250, 'PACIENTE_237', '2000-08-10', '21029829309', 'ativo'),
(251, 'PACIENTE_238', '2000-08-10', '21029829309', 'ativo'),
(252, 'PACIENTE_239', '2000-08-10', '21029829309', 'ativo'),
(253, 'PACIENTE_240', '2000-08-10', '21029829309', 'ativo'),
(254, 'PACIENTE_241', '2000-08-10', '21029829309', 'ativo'),
(255, 'PACIENTE_242', '2000-08-10', '21029829309', 'ativo'),
(256, 'PACIENTE_243', '2000-08-10', '21029829309', 'ativo'),
(257, 'PACIENTE_244', '2000-08-10', '21029829309', 'ativo'),
(258, 'PACIENTE_245', '2000-08-10', '21029829309', 'ativo'),
(259, 'PACIENTE_246', '2000-08-10', '21029829309', 'ativo'),
(260, 'PACIENTE_247', '2000-08-10', '21029829309', 'ativo'),
(261, 'PACIENTE_248', '2000-08-10', '21029829309', 'ativo'),
(262, 'PACIENTE_249', '2000-08-10', '21029829309', 'ativo'),
(263, 'PACIENTE_250', '2000-08-10', '21029829309', 'ativo'),
(264, 'PACIENTE_251', '2000-08-10', '21029829309', 'ativo'),
(265, 'PACIENTE_252', '2000-08-10', '21029829309', 'ativo'),
(266, 'PACIENTE_253', '2000-08-10', '21029829309', 'ativo'),
(267, 'PACIENTE_254', '2000-08-10', '21029829309', 'ativo'),
(268, 'PACIENTE_255', '2000-08-10', '21029829309', 'ativo'),
(269, 'PACIENTE_256', '2000-08-10', '21029829309', 'ativo'),
(270, 'PACIENTE_257', '2000-08-10', '21029829309', 'ativo'),
(271, 'PACIENTE_258', '2000-08-10', '21029829309', 'ativo'),
(272, 'PACIENTE_259', '2000-08-10', '21029829309', 'ativo'),
(273, 'PACIENTE_260', '2000-08-10', '21029829309', 'ativo'),
(274, 'PACIENTE_261', '2000-08-10', '21029829309', 'ativo'),
(275, 'PACIENTE_262', '2000-08-10', '21029829309', 'ativo'),
(276, 'PACIENTE_263', '2000-08-10', '21029829309', 'ativo'),
(277, 'PACIENTE_264', '2000-08-10', '21029829309', 'ativo'),
(278, 'PACIENTE_265', '2000-08-10', '21029829309', 'ativo'),
(279, 'PACIENTE_266', '2000-08-10', '21029829309', 'ativo'),
(280, 'PACIENTE_267', '2000-08-10', '21029829309', 'ativo'),
(281, 'PACIENTE_268', '2000-08-10', '21029829309', 'ativo'),
(282, 'PACIENTE_269', '2000-08-10', '21029829309', 'ativo'),
(283, 'PACIENTE_270', '2000-08-10', '21029829309', 'ativo'),
(284, 'PACIENTE_271', '2000-08-10', '21029829309', 'ativo'),
(285, 'PACIENTE_272', '2000-08-10', '21029829309', 'ativo'),
(286, 'PACIENTE_273', '2000-08-10', '21029829309', 'ativo'),
(287, 'PACIENTE_274', '2000-08-10', '21029829309', 'ativo'),
(288, 'PACIENTE_275', '2000-08-10', '21029829309', 'ativo'),
(289, 'PACIENTE_276', '2000-08-10', '21029829309', 'ativo'),
(290, 'PACIENTE_277', '2000-08-10', '21029829309', 'ativo'),
(291, 'PACIENTE_278', '2000-08-10', '21029829309', 'ativo'),
(292, 'PACIENTE_279', '2000-08-10', '21029829309', 'ativo'),
(293, 'PACIENTE_280', '2000-08-10', '21029829309', 'ativo'),
(294, 'PACIENTE_281', '2000-08-10', '21029829309', 'ativo'),
(295, 'PACIENTE_282', '2000-08-10', '21029829309', 'ativo'),
(296, 'PACIENTE_283', '2000-08-10', '21029829309', 'ativo'),
(297, 'PACIENTE_284', '2000-08-10', '21029829309', 'ativo'),
(298, 'PACIENTE_285', '2000-08-10', '21029829309', 'ativo'),
(299, 'PACIENTE_286', '2000-08-10', '21029829309', 'ativo'),
(300, 'PACIENTE_287', '2000-08-10', '21029829309', 'ativo'),
(301, 'PACIENTE_288', '2000-08-10', '21029829309', 'ativo'),
(302, 'PACIENTE_289', '2000-08-10', '21029829309', 'ativo'),
(303, 'PACIENTE_290', '2000-08-10', '21029829309', 'ativo'),
(304, 'PACIENTE_291', '2000-08-10', '21029829309', 'ativo'),
(305, 'PACIENTE_292', '2000-08-10', '21029829309', 'ativo'),
(306, 'PACIENTE_293', '2000-08-10', '21029829309', 'ativo'),
(307, 'PACIENTE_294', '2000-08-10', '21029829309', 'ativo'),
(308, 'PACIENTE_295', '2000-08-10', '21029829309', 'ativo'),
(309, 'PACIENTE_296', '2000-08-10', '21029829309', 'ativo'),
(310, 'PACIENTE_297', '2000-08-10', '21029829309', 'ativo'),
(311, 'PACIENTE_298', '2000-08-10', '21029829309', 'ativo'),
(312, 'PACIENTE_299', '2000-08-10', '21029829309', 'ativo'),
(313, 'PACIENTE_300', '2000-08-10', '21029829309', 'ativo'),
(314, 'PACIENTE_301', '2000-08-10', '21029829309', 'ativo'),
(315, 'PACIENTE_302', '2000-08-10', '21029829309', 'ativo'),
(316, 'PACIENTE_303', '2000-08-10', '21029829309', 'ativo'),
(317, 'PACIENTE_304', '2000-08-10', '21029829309', 'ativo'),
(318, 'PACIENTE_305', '2000-08-10', '21029829309', 'ativo'),
(319, 'PACIENTE_306', '2000-08-10', '21029829309', 'ativo'),
(320, 'PACIENTE_307', '2000-08-10', '21029829309', 'ativo'),
(321, 'PACIENTE_308', '2000-08-10', '21029829309', 'ativo'),
(322, 'PACIENTE_309', '2000-08-10', '21029829309', 'ativo'),
(323, 'PACIENTE_310', '2000-08-10', '21029829309', 'ativo'),
(324, 'PACIENTE_311', '2000-08-10', '21029829309', 'ativo'),
(325, 'PACIENTE_312', '2000-08-10', '21029829309', 'ativo'),
(326, 'PACIENTE_313', '2000-08-10', '21029829309', 'ativo'),
(327, 'PACIENTE_314', '2000-08-10', '21029829309', 'ativo'),
(328, 'PACIENTE_315', '2000-08-10', '21029829309', 'ativo'),
(329, 'PACIENTE_316', '2000-08-10', '21029829309', 'ativo'),
(330, 'PACIENTE_317', '2000-08-10', '21029829309', 'ativo'),
(331, 'PACIENTE_318', '2000-08-10', '21029829309', 'ativo'),
(332, 'PACIENTE_319', '2000-08-10', '21029829309', 'ativo'),
(333, 'PACIENTE_320', '2000-08-10', '21029829309', 'ativo'),
(334, 'PACIENTE_321', '2000-08-10', '21029829309', 'ativo'),
(335, 'PACIENTE_322', '2000-08-10', '21029829309', 'ativo'),
(336, 'PACIENTE_323', '2000-08-10', '21029829309', 'ativo'),
(337, 'PACIENTE_324', '2000-08-10', '21029829309', 'ativo'),
(338, 'PACIENTE_325', '2000-08-10', '21029829309', 'ativo'),
(339, 'PACIENTE_326', '2000-08-10', '21029829309', 'ativo'),
(340, 'PACIENTE_327', '2000-08-10', '21029829309', 'ativo'),
(341, 'PACIENTE_328', '2000-08-10', '21029829309', 'ativo'),
(342, 'PACIENTE_329', '2000-08-10', '21029829309', 'ativo'),
(343, 'PACIENTE_330', '2000-08-10', '21029829309', 'ativo'),
(344, 'PACIENTE_331', '2000-08-10', '21029829309', 'ativo'),
(345, 'PACIENTE_332', '2000-08-10', '21029829309', 'ativo'),
(346, 'PACIENTE_333', '2000-08-10', '21029829309', 'ativo'),
(347, 'PACIENTE_334', '2000-08-10', '21029829309', 'ativo'),
(348, 'PACIENTE_335', '2000-08-10', '21029829309', 'ativo'),
(349, 'PACIENTE_336', '2000-08-10', '21029829309', 'ativo'),
(350, 'PACIENTE_337', '2000-08-10', '21029829309', 'ativo'),
(351, 'PACIENTE_338', '2000-08-10', '21029829309', 'ativo'),
(352, 'PACIENTE_339', '2000-08-10', '21029829309', 'ativo'),
(353, 'PACIENTE_340', '2000-08-10', '21029829309', 'ativo'),
(354, 'PACIENTE_341', '2000-08-10', '21029829309', 'ativo'),
(355, 'PACIENTE_342', '2000-08-10', '21029829309', 'ativo'),
(356, 'PACIENTE_343', '2000-08-10', '21029829309', 'ativo'),
(357, 'PACIENTE_344', '2000-08-10', '21029829309', 'ativo'),
(358, 'PACIENTE_345', '2000-08-10', '21029829309', 'ativo'),
(359, 'PACIENTE_346', '2000-08-10', '21029829309', 'ativo'),
(360, 'PACIENTE_347', '2000-08-10', '21029829309', 'ativo'),
(361, 'PACIENTE_348', '2000-08-10', '21029829309', 'ativo'),
(362, 'PACIENTE_349', '2000-08-10', '21029829309', 'ativo'),
(363, 'PACIENTE_350', '2000-08-10', '21029829309', 'ativo'),
(364, 'PACIENTE_351', '2000-08-10', '21029829309', 'ativo'),
(365, 'PACIENTE_352', '2000-08-10', '21029829309', 'ativo'),
(366, 'PACIENTE_353', '2000-08-10', '21029829309', 'ativo'),
(367, 'PACIENTE_354', '2000-08-10', '21029829309', 'ativo'),
(368, 'PACIENTE_355', '2000-08-10', '21029829309', 'ativo'),
(369, 'PACIENTE_356', '2000-08-10', '21029829309', 'ativo'),
(370, 'PACIENTE_357', '2000-08-10', '21029829309', 'ativo'),
(371, 'PACIENTE_358', '2000-08-10', '21029829309', 'ativo'),
(372, 'PACIENTE_359', '2000-08-10', '21029829309', 'ativo'),
(373, 'PACIENTE_360', '2000-08-10', '21029829309', 'ativo'),
(374, 'PACIENTE_361', '2000-08-10', '21029829309', 'ativo'),
(375, 'PACIENTE_362', '2000-08-10', '21029829309', 'ativo'),
(376, 'PACIENTE_363', '2000-08-10', '21029829309', 'ativo'),
(377, 'PACIENTE_364', '2000-08-10', '21029829309', 'ativo'),
(378, 'PACIENTE_365', '2000-08-10', '21029829309', 'ativo'),
(379, 'PACIENTE_366', '2000-08-10', '21029829309', 'ativo'),
(380, 'PACIENTE_367', '2000-08-10', '21029829309', 'ativo'),
(381, 'PACIENTE_368', '2000-08-10', '21029829309', 'ativo'),
(382, 'PACIENTE_369', '2000-08-10', '21029829309', 'ativo'),
(383, 'PACIENTE_370', '2000-08-10', '21029829309', 'ativo'),
(384, 'PACIENTE_371', '2000-08-10', '21029829309', 'ativo'),
(385, 'PACIENTE_372', '2000-08-10', '21029829309', 'ativo'),
(386, 'PACIENTE_373', '2000-08-10', '21029829309', 'ativo'),
(387, 'PACIENTE_374', '2000-08-10', '21029829309', 'ativo'),
(388, 'PACIENTE_375', '2000-08-10', '21029829309', 'ativo'),
(389, 'PACIENTE_376', '2000-08-10', '21029829309', 'ativo'),
(390, 'PACIENTE_377', '2000-08-10', '21029829309', 'ativo'),
(391, 'PACIENTE_378', '2000-08-10', '21029829309', 'ativo'),
(392, 'PACIENTE_379', '2000-08-10', '21029829309', 'ativo'),
(393, 'PACIENTE_380', '2000-08-10', '21029829309', 'ativo'),
(394, 'PACIENTE_381', '2000-08-10', '21029829309', 'ativo'),
(395, 'PACIENTE_382', '2000-08-10', '21029829309', 'ativo'),
(396, 'PACIENTE_383', '2000-08-10', '21029829309', 'ativo'),
(397, 'PACIENTE_384', '2000-08-10', '21029829309', 'ativo'),
(398, 'PACIENTE_385', '2000-08-10', '21029829309', 'ativo'),
(399, 'PACIENTE_386', '2000-08-10', '21029829309', 'ativo'),
(400, 'PACIENTE_387', '2000-08-10', '21029829309', 'ativo'),
(401, 'PACIENTE_388', '2000-08-10', '21029829309', 'ativo'),
(402, 'PACIENTE_389', '2000-08-10', '21029829309', 'ativo'),
(403, 'PACIENTE_390', '2000-08-10', '21029829309', 'ativo'),
(404, 'PACIENTE_391', '2000-08-10', '21029829309', 'ativo'),
(405, 'PACIENTE_392', '2000-08-10', '21029829309', 'ativo'),
(406, 'PACIENTE_393', '2000-08-10', '21029829309', 'ativo'),
(407, 'PACIENTE_394', '2000-08-10', '21029829309', 'ativo'),
(408, 'PACIENTE_395', '2000-08-10', '21029829309', 'ativo'),
(409, 'PACIENTE_396', '2000-08-10', '21029829309', 'ativo'),
(410, 'PACIENTE_397', '2000-08-10', '21029829309', 'ativo'),
(411, 'PACIENTE_398', '2000-08-10', '21029829309', 'ativo'),
(412, 'PACIENTE_399', '2000-08-10', '21029829309', 'ativo'),
(413, 'PACIENTE_400', '2000-08-10', '21029829309', 'ativo'),
(414, 'PACIENTE_401', '2000-08-10', '21029829309', 'ativo'),
(415, 'PACIENTE_402', '2000-08-10', '21029829309', 'ativo'),
(416, 'PACIENTE_403', '2000-08-10', '21029829309', 'ativo'),
(417, 'PACIENTE_404', '2000-08-10', '21029829309', 'ativo'),
(418, 'PACIENTE_405', '2000-08-10', '21029829309', 'ativo'),
(419, 'PACIENTE_406', '2000-08-10', '21029829309', 'ativo'),
(420, 'PACIENTE_407', '2000-08-10', '21029829309', 'ativo'),
(421, 'PACIENTE_408', '2000-08-10', '21029829309', 'ativo'),
(422, 'PACIENTE_409', '2000-08-10', '21029829309', 'ativo'),
(423, 'PACIENTE_410', '2000-08-10', '21029829309', 'ativo'),
(424, 'PACIENTE_411', '2000-08-10', '21029829309', 'ativo'),
(425, 'PACIENTE_412', '2000-08-10', '21029829309', 'ativo'),
(426, 'PACIENTE_413', '2000-08-10', '21029829309', 'ativo'),
(427, 'PACIENTE_414', '2000-08-10', '21029829309', 'ativo'),
(428, 'PACIENTE_415', '2000-08-10', '21029829309', 'ativo'),
(429, 'PACIENTE_416', '2000-08-10', '21029829309', 'ativo'),
(430, 'PACIENTE_417', '2000-08-10', '21029829309', 'ativo'),
(431, 'PACIENTE_418', '2000-08-10', '21029829309', 'ativo'),
(432, 'PACIENTE_419', '2000-08-10', '21029829309', 'ativo'),
(433, 'PACIENTE_420', '2000-08-10', '21029829309', 'ativo'),
(434, 'PACIENTE_421', '2000-08-10', '21029829309', 'ativo'),
(435, 'PACIENTE_422', '2000-08-10', '21029829309', 'ativo'),
(436, 'PACIENTE_423', '2000-08-10', '21029829309', 'ativo'),
(437, 'PACIENTE_424', '2000-08-10', '21029829309', 'ativo'),
(438, 'PACIENTE_425', '2000-08-10', '21029829309', 'ativo'),
(439, 'PACIENTE_426', '2000-08-10', '21029829309', 'ativo'),
(440, 'PACIENTE_427', '2000-08-10', '21029829309', 'ativo'),
(441, 'PACIENTE_428', '2000-08-10', '21029829309', 'ativo'),
(442, 'PACIENTE_429', '2000-08-10', '21029829309', 'ativo'),
(443, 'PACIENTE_430', '2000-08-10', '21029829309', 'ativo'),
(444, 'PACIENTE_431', '2000-08-10', '21029829309', 'ativo'),
(445, 'PACIENTE_432', '2000-08-10', '21029829309', 'ativo'),
(446, 'PACIENTE_433', '2000-08-10', '21029829309', 'ativo'),
(447, 'PACIENTE_434', '2000-08-10', '21029829309', 'ativo'),
(448, 'PACIENTE_435', '2000-08-10', '21029829309', 'ativo'),
(449, 'PACIENTE_436', '2000-08-10', '21029829309', 'ativo'),
(450, 'PACIENTE_437', '2000-08-10', '21029829309', 'ativo'),
(451, 'PACIENTE_438', '2000-08-10', '21029829309', 'ativo'),
(452, 'PACIENTE_439', '2000-08-10', '21029829309', 'ativo'),
(453, 'PACIENTE_440', '2000-08-10', '21029829309', 'ativo'),
(454, 'PACIENTE_441', '2000-08-10', '21029829309', 'ativo'),
(455, 'PACIENTE_442', '2000-08-10', '21029829309', 'ativo'),
(456, 'PACIENTE_443', '2000-08-10', '21029829309', 'ativo'),
(457, 'PACIENTE_444', '2000-08-10', '21029829309', 'ativo'),
(458, 'PACIENTE_445', '2000-08-10', '21029829309', 'ativo'),
(459, 'PACIENTE_446', '2000-08-10', '21029829309', 'ativo'),
(460, 'PACIENTE_447', '2000-08-10', '21029829309', 'ativo'),
(461, 'PACIENTE_448', '2000-08-10', '21029829309', 'ativo'),
(462, 'PACIENTE_449', '2000-08-10', '21029829309', 'ativo'),
(463, 'PACIENTE_450', '2000-08-10', '21029829309', 'ativo'),
(464, 'PACIENTE_451', '2000-08-10', '21029829309', 'ativo'),
(465, 'PACIENTE_452', '2000-08-10', '21029829309', 'ativo'),
(466, 'PACIENTE_453', '2000-08-10', '21029829309', 'ativo'),
(467, 'PACIENTE_454', '2000-08-10', '21029829309', 'ativo'),
(468, 'PACIENTE_455', '2000-08-10', '21029829309', 'ativo'),
(469, 'PACIENTE_456', '2000-08-10', '21029829309', 'ativo'),
(470, 'PACIENTE_457', '2000-08-10', '21029829309', 'ativo'),
(471, 'PACIENTE_458', '2000-08-10', '21029829309', 'ativo'),
(472, 'PACIENTE_459', '2000-08-10', '21029829309', 'ativo'),
(473, 'PACIENTE_460', '2000-08-10', '21029829309', 'ativo'),
(474, 'PACIENTE_461', '2000-08-10', '21029829309', 'ativo'),
(475, 'PACIENTE_462', '2000-08-10', '21029829309', 'ativo'),
(476, 'PACIENTE_463', '2000-08-10', '21029829309', 'ativo'),
(477, 'PACIENTE_464', '2000-08-10', '21029829309', 'ativo'),
(478, 'PACIENTE_465', '2000-08-10', '21029829309', 'ativo'),
(479, 'PACIENTE_466', '2000-08-10', '21029829309', 'ativo'),
(480, 'PACIENTE_467', '2000-08-10', '21029829309', 'ativo'),
(481, 'PACIENTE_468', '2000-08-10', '21029829309', 'ativo'),
(482, 'PACIENTE_469', '2000-08-10', '21029829309', 'ativo'),
(483, 'PACIENTE_470', '2000-08-10', '21029829309', 'ativo'),
(484, 'PACIENTE_471', '2000-08-10', '21029829309', 'ativo'),
(485, 'PACIENTE_472', '2000-08-10', '21029829309', 'ativo'),
(486, 'PACIENTE_473', '2000-08-10', '21029829309', 'ativo'),
(487, 'PACIENTE_474', '2000-08-10', '21029829309', 'ativo'),
(488, 'PACIENTE_475', '2000-08-10', '21029829309', 'ativo'),
(489, 'PACIENTE_476', '2000-08-10', '21029829309', 'ativo'),
(490, 'PACIENTE_477', '2000-08-10', '21029829309', 'ativo'),
(491, 'PACIENTE_478', '2000-08-10', '21029829309', 'ativo'),
(492, 'PACIENTE_479', '2000-08-10', '21029829309', 'ativo'),
(493, 'PACIENTE_480', '2000-08-10', '21029829309', 'ativo'),
(494, 'PACIENTE_481', '2000-08-10', '21029829309', 'ativo'),
(495, 'PACIENTE_482', '2000-08-10', '21029829309', 'ativo'),
(496, 'PACIENTE_483', '2000-08-10', '21029829309', 'ativo'),
(497, 'PACIENTE_484', '2000-08-10', '21029829309', 'ativo'),
(498, 'PACIENTE_485', '2000-08-10', '21029829309', 'ativo'),
(499, 'PACIENTE_486', '2000-08-10', '21029829309', 'ativo'),
(500, 'PACIENTE_487', '2000-08-10', '21029829309', 'ativo'),
(501, 'PACIENTE_488', '2000-08-10', '21029829309', 'ativo'),
(502, 'PACIENTE_489', '2000-08-10', '21029829309', 'ativo'),
(503, 'PACIENTE_490', '2000-08-10', '21029829309', 'ativo'),
(504, 'PACIENTE_491', '2000-08-10', '21029829309', 'ativo'),
(505, 'PACIENTE_492', '2000-08-10', '21029829309', 'ativo'),
(506, 'PACIENTE_493', '2000-08-10', '21029829309', 'ativo'),
(507, 'PACIENTE_494', '2000-08-10', '21029829309', 'ativo'),
(508, 'PACIENTE_495', '2000-08-10', '21029829309', 'ativo'),
(509, 'PACIENTE_496', '2000-08-10', '21029829309', 'ativo'),
(510, 'PACIENTE_497', '2000-08-10', '21029829309', 'ativo'),
(511, 'PACIENTE_498', '2000-08-10', '21029829309', 'ativo'),
(512, 'PACIENTE_499', '2000-08-10', '21029829309', 'ativo'),
(513, 'PACIENTE_500', '2000-08-10', '21029829309', 'ativo'),
(514, 'PACIENTE_501', '2000-08-10', '21029829309', 'ativo'),
(515, 'PACIENTE_502', '2000-08-10', '21029829309', 'ativo'),
(516, 'PACIENTE_503', '2000-08-10', '21029829309', 'ativo'),
(517, 'PACIENTE_504', '2000-08-10', '21029829309', 'ativo'),
(518, 'PACIENTE_505', '2000-08-10', '21029829309', 'ativo'),
(519, 'PACIENTE_506', '2000-08-10', '21029829309', 'ativo'),
(520, 'PACIENTE_507', '2000-08-10', '21029829309', 'ativo'),
(521, 'PACIENTE_508', '2000-08-10', '21029829309', 'ativo'),
(522, 'PACIENTE_509', '2000-08-10', '21029829309', 'ativo'),
(523, 'PACIENTE_510', '2000-08-10', '21029829309', 'ativo'),
(524, 'PACIENTE_511', '2000-08-10', '21029829309', 'ativo'),
(525, 'PACIENTE_512', '2000-08-10', '21029829309', 'ativo'),
(526, 'PACIENTE_513', '2000-08-10', '21029829309', 'ativo'),
(527, 'PACIENTE_514', '2000-08-10', '21029829309', 'ativo'),
(528, 'PACIENTE_515', '2000-08-10', '21029829309', 'ativo'),
(529, 'PACIENTE_516', '2000-08-10', '21029829309', 'ativo'),
(530, 'PACIENTE_517', '2000-08-10', '21029829309', 'ativo'),
(531, 'PACIENTE_518', '2000-08-10', '21029829309', 'ativo'),
(532, 'PACIENTE_519', '2000-08-10', '21029829309', 'ativo'),
(533, 'PACIENTE_520', '2000-08-10', '21029829309', 'ativo'),
(534, 'PACIENTE_521', '2000-08-10', '21029829309', 'ativo'),
(535, 'PACIENTE_522', '2000-08-10', '21029829309', 'ativo'),
(536, 'PACIENTE_523', '2000-08-10', '21029829309', 'ativo'),
(537, 'PACIENTE_524', '2000-08-10', '21029829309', 'ativo'),
(538, 'PACIENTE_525', '2000-08-10', '21029829309', 'ativo'),
(539, 'PACIENTE_526', '2000-08-10', '21029829309', 'ativo'),
(540, 'PACIENTE_527', '2000-08-10', '21029829309', 'ativo'),
(541, 'PACIENTE_528', '2000-08-10', '21029829309', 'ativo'),
(542, 'PACIENTE_529', '2000-08-10', '21029829309', 'ativo'),
(543, 'PACIENTE_530', '2000-08-10', '21029829309', 'ativo'),
(544, 'PACIENTE_531', '2000-08-10', '21029829309', 'ativo'),
(545, 'PACIENTE_532', '2000-08-10', '21029829309', 'ativo'),
(546, 'PACIENTE_533', '2000-08-10', '21029829309', 'ativo'),
(547, 'PACIENTE_534', '2000-08-10', '21029829309', 'ativo'),
(548, 'PACIENTE_535', '2000-08-10', '21029829309', 'ativo'),
(549, 'PACIENTE_536', '2000-08-10', '21029829309', 'ativo'),
(550, 'PACIENTE_537', '2000-08-10', '21029829309', 'ativo'),
(551, 'PACIENTE_538', '2000-08-10', '21029829309', 'ativo'),
(552, 'PACIENTE_539', '2000-08-10', '21029829309', 'ativo'),
(553, 'PACIENTE_540', '2000-08-10', '21029829309', 'ativo'),
(554, 'PACIENTE_541', '2000-08-10', '21029829309', 'ativo'),
(555, 'PACIENTE_542', '2000-08-10', '21029829309', 'ativo'),
(556, 'PACIENTE_543', '2000-08-10', '21029829309', 'ativo'),
(557, 'PACIENTE_544', '2000-08-10', '21029829309', 'ativo'),
(558, 'PACIENTE_545', '2000-08-10', '21029829309', 'ativo'),
(559, 'PACIENTE_546', '2000-08-10', '21029829309', 'ativo'),
(560, 'PACIENTE_547', '2000-08-10', '21029829309', 'ativo'),
(561, 'PACIENTE_548', '2000-08-10', '21029829309', 'ativo'),
(562, 'PACIENTE_549', '2000-08-10', '21029829309', 'ativo'),
(563, 'PACIENTE_550', '2000-08-10', '21029829309', 'ativo'),
(564, 'PACIENTE_551', '2000-08-10', '21029829309', 'ativo'),
(565, 'PACIENTE_552', '2000-08-10', '21029829309', 'ativo'),
(566, 'PACIENTE_553', '2000-08-10', '21029829309', 'ativo'),
(567, 'PACIENTE_554', '2000-08-10', '21029829309', 'ativo'),
(568, 'PACIENTE_555', '2000-08-10', '21029829309', 'ativo'),
(569, 'PACIENTE_556', '2000-08-10', '21029829309', 'ativo'),
(570, 'PACIENTE_557', '2000-08-10', '21029829309', 'ativo'),
(571, 'PACIENTE_558', '2000-08-10', '21029829309', 'ativo'),
(572, 'PACIENTE_559', '2000-08-10', '21029829309', 'ativo'),
(573, 'PACIENTE_560', '2000-08-10', '21029829309', 'ativo'),
(574, 'PACIENTE_561', '2000-08-10', '21029829309', 'ativo'),
(575, 'PACIENTE_562', '2000-08-10', '21029829309', 'ativo'),
(576, 'PACIENTE_563', '2000-08-10', '21029829309', 'ativo'),
(577, 'PACIENTE_564', '2000-08-10', '21029829309', 'ativo'),
(578, 'PACIENTE_565', '2000-08-10', '21029829309', 'ativo'),
(579, 'PACIENTE_566', '2000-08-10', '21029829309', 'ativo'),
(580, 'PACIENTE_567', '2000-08-10', '21029829309', 'ativo'),
(581, 'PACIENTE_568', '2000-08-10', '21029829309', 'ativo'),
(582, 'PACIENTE_569', '2000-08-10', '21029829309', 'ativo'),
(583, 'PACIENTE_570', '2000-08-10', '21029829309', 'ativo'),
(584, 'PACIENTE_571', '2000-08-10', '21029829309', 'ativo'),
(585, 'PACIENTE_572', '2000-08-10', '21029829309', 'ativo'),
(586, 'PACIENTE_573', '2000-08-10', '21029829309', 'ativo'),
(587, 'PACIENTE_574', '2000-08-10', '21029829309', 'ativo'),
(588, 'PACIENTE_575', '2000-08-10', '21029829309', 'ativo'),
(589, 'PACIENTE_576', '2000-08-10', '21029829309', 'ativo'),
(590, 'PACIENTE_577', '2000-08-10', '21029829309', 'ativo'),
(591, 'PACIENTE_578', '2000-08-10', '21029829309', 'ativo'),
(592, 'PACIENTE_579', '2000-08-10', '21029829309', 'ativo'),
(593, 'PACIENTE_580', '2000-08-10', '21029829309', 'ativo'),
(594, 'PACIENTE_581', '2000-08-10', '21029829309', 'ativo'),
(595, 'PACIENTE_582', '2000-08-10', '21029829309', 'ativo'),
(596, 'PACIENTE_583', '2000-08-10', '21029829309', 'ativo'),
(597, 'PACIENTE_584', '2000-08-10', '21029829309', 'ativo'),
(598, 'PACIENTE_585', '2000-08-10', '21029829309', 'ativo'),
(599, 'PACIENTE_586', '2000-08-10', '21029829309', 'ativo'),
(600, 'PACIENTE_587', '2000-08-10', '21029829309', 'ativo'),
(601, 'PACIENTE_588', '2000-08-10', '21029829309', 'ativo'),
(602, 'PACIENTE_589', '2000-08-10', '21029829309', 'ativo'),
(603, 'PACIENTE_590', '2000-08-10', '21029829309', 'ativo'),
(604, 'PACIENTE_591', '2000-08-10', '21029829309', 'ativo'),
(605, 'PACIENTE_592', '2000-08-10', '21029829309', 'ativo'),
(606, 'PACIENTE_593', '2000-08-10', '21029829309', 'ativo'),
(607, 'PACIENTE_594', '2000-08-10', '21029829309', 'ativo'),
(608, 'PACIENTE_595', '2000-08-10', '21029829309', 'ativo'),
(609, 'PACIENTE_596', '2000-08-10', '21029829309', 'ativo'),
(610, 'PACIENTE_597', '2000-08-10', '21029829309', 'ativo'),
(611, 'PACIENTE_598', '2000-08-10', '21029829309', 'ativo'),
(612, 'PACIENTE_599', '2000-08-10', '21029829309', 'ativo'),
(613, 'PACIENTE_600', '2000-08-10', '21029829309', 'ativo'),
(614, 'PACIENTE_601', '2000-08-10', '21029829309', 'ativo'),
(615, 'PACIENTE_602', '2000-08-10', '21029829309', 'ativo'),
(616, 'PACIENTE_603', '2000-08-10', '21029829309', 'ativo'),
(617, 'PACIENTE_604', '2000-08-10', '21029829309', 'ativo'),
(618, 'PACIENTE_605', '2000-08-10', '21029829309', 'ativo'),
(619, 'PACIENTE_606', '2000-08-10', '21029829309', 'ativo'),
(620, 'PACIENTE_607', '2000-08-10', '21029829309', 'ativo'),
(621, 'PACIENTE_608', '2000-08-10', '21029829309', 'ativo'),
(622, 'PACIENTE_609', '2000-08-10', '21029829309', 'ativo'),
(623, 'PACIENTE_610', '2000-08-10', '21029829309', 'ativo'),
(624, 'PACIENTE_611', '2000-08-10', '21029829309', 'ativo'),
(625, 'PACIENTE_612', '2000-08-10', '21029829309', 'ativo'),
(626, 'PACIENTE_613', '2000-08-10', '21029829309', 'ativo'),
(627, 'PACIENTE_614', '2000-08-10', '21029829309', 'ativo'),
(628, 'PACIENTE_615', '2000-08-10', '21029829309', 'ativo'),
(629, 'PACIENTE_616', '2000-08-10', '21029829309', 'ativo'),
(630, 'PACIENTE_617', '2000-08-10', '21029829309', 'ativo'),
(631, 'PACIENTE_618', '2000-08-10', '21029829309', 'ativo'),
(632, 'PACIENTE_619', '2000-08-10', '21029829309', 'ativo'),
(633, 'PACIENTE_620', '2000-08-10', '21029829309', 'ativo'),
(634, 'PACIENTE_621', '2000-08-10', '21029829309', 'ativo'),
(635, 'PACIENTE_622', '2000-08-10', '21029829309', 'ativo'),
(636, 'PACIENTE_623', '2000-08-10', '21029829309', 'ativo'),
(637, 'PACIENTE_624', '2000-08-10', '21029829309', 'ativo'),
(638, 'PACIENTE_625', '2000-08-10', '21029829309', 'ativo'),
(639, 'PACIENTE_626', '2000-08-10', '21029829309', 'ativo'),
(640, 'PACIENTE_627', '2000-08-10', '21029829309', 'ativo'),
(641, 'PACIENTE_628', '2000-08-10', '21029829309', 'ativo'),
(642, 'PACIENTE_629', '2000-08-10', '21029829309', 'ativo'),
(643, 'PACIENTE_630', '2000-08-10', '21029829309', 'ativo'),
(644, 'PACIENTE_631', '2000-08-10', '21029829309', 'ativo'),
(645, 'PACIENTE_632', '2000-08-10', '21029829309', 'ativo'),
(646, 'PACIENTE_633', '2000-08-10', '21029829309', 'ativo'),
(647, 'PACIENTE_634', '2000-08-10', '21029829309', 'ativo'),
(648, 'PACIENTE_635', '2000-08-10', '21029829309', 'ativo'),
(649, 'PACIENTE_636', '2000-08-10', '21029829309', 'ativo'),
(650, 'PACIENTE_637', '2000-08-10', '21029829309', 'ativo'),
(651, 'PACIENTE_638', '2000-08-10', '21029829309', 'ativo'),
(652, 'PACIENTE_639', '2000-08-10', '21029829309', 'ativo'),
(653, 'PACIENTE_640', '2000-08-10', '21029829309', 'ativo'),
(654, 'PACIENTE_641', '2000-08-10', '21029829309', 'ativo'),
(655, 'PACIENTE_642', '2000-08-10', '21029829309', 'ativo'),
(656, 'PACIENTE_643', '2000-08-10', '21029829309', 'ativo'),
(657, 'PACIENTE_644', '2000-08-10', '21029829309', 'ativo'),
(658, 'PACIENTE_645', '2000-08-10', '21029829309', 'ativo'),
(659, 'PACIENTE_646', '2000-08-10', '21029829309', 'ativo'),
(660, 'PACIENTE_647', '2000-08-10', '21029829309', 'ativo'),
(661, 'PACIENTE_648', '2000-08-10', '21029829309', 'ativo'),
(662, 'PACIENTE_649', '2000-08-10', '21029829309', 'ativo'),
(663, 'PACIENTE_650', '2000-08-10', '21029829309', 'ativo'),
(664, 'PACIENTE_651', '2000-08-10', '21029829309', 'ativo'),
(665, 'PACIENTE_652', '2000-08-10', '21029829309', 'ativo'),
(666, 'PACIENTE_653', '2000-08-10', '21029829309', 'ativo'),
(667, 'PACIENTE_654', '2000-08-10', '21029829309', 'ativo'),
(668, 'PACIENTE_655', '2000-08-10', '21029829309', 'ativo'),
(669, 'PACIENTE_656', '2000-08-10', '21029829309', 'ativo'),
(670, 'PACIENTE_657', '2000-08-10', '21029829309', 'ativo'),
(671, 'PACIENTE_658', '2000-08-10', '21029829309', 'ativo'),
(672, 'PACIENTE_659', '2000-08-10', '21029829309', 'ativo'),
(673, 'PACIENTE_660', '2000-08-10', '21029829309', 'ativo'),
(674, 'PACIENTE_661', '2000-08-10', '21029829309', 'ativo'),
(675, 'PACIENTE_662', '2000-08-10', '21029829309', 'ativo'),
(676, 'PACIENTE_663', '2000-08-10', '21029829309', 'ativo'),
(677, 'PACIENTE_664', '2000-08-10', '21029829309', 'ativo'),
(678, 'PACIENTE_665', '2000-08-10', '21029829309', 'ativo'),
(679, 'PACIENTE_666', '2000-08-10', '21029829309', 'ativo'),
(680, 'PACIENTE_667', '2000-08-10', '21029829309', 'ativo'),
(681, 'PACIENTE_668', '2000-08-10', '21029829309', 'ativo'),
(682, 'PACIENTE_669', '2000-08-10', '21029829309', 'ativo'),
(683, 'PACIENTE_670', '2000-08-10', '21029829309', 'ativo'),
(684, 'PACIENTE_671', '2000-08-10', '21029829309', 'ativo'),
(685, 'PACIENTE_672', '2000-08-10', '21029829309', 'ativo'),
(686, 'PACIENTE_673', '2000-08-10', '21029829309', 'ativo'),
(687, 'PACIENTE_674', '2000-08-10', '21029829309', 'ativo'),
(688, 'PACIENTE_675', '2000-08-10', '21029829309', 'ativo'),
(689, 'PACIENTE_676', '2000-08-10', '21029829309', 'ativo'),
(690, 'PACIENTE_677', '2000-08-10', '21029829309', 'ativo'),
(691, 'PACIENTE_678', '2000-08-10', '21029829309', 'ativo'),
(692, 'PACIENTE_679', '2000-08-10', '21029829309', 'ativo'),
(693, 'PACIENTE_680', '2000-08-10', '21029829309', 'ativo'),
(694, 'PACIENTE_681', '2000-08-10', '21029829309', 'ativo'),
(695, 'PACIENTE_682', '2000-08-10', '21029829309', 'ativo'),
(696, 'PACIENTE_683', '2000-08-10', '21029829309', 'ativo'),
(697, 'PACIENTE_684', '2000-08-10', '21029829309', 'ativo'),
(698, 'PACIENTE_685', '2000-08-10', '21029829309', 'ativo'),
(699, 'PACIENTE_686', '2000-08-10', '21029829309', 'ativo'),
(700, 'PACIENTE_687', '2000-08-10', '21029829309', 'ativo'),
(701, 'PACIENTE_688', '2000-08-10', '21029829309', 'ativo'),
(702, 'PACIENTE_689', '2000-08-10', '21029829309', 'ativo'),
(703, 'PACIENTE_690', '2000-08-10', '21029829309', 'ativo'),
(704, 'PACIENTE_691', '2000-08-10', '21029829309', 'ativo'),
(705, 'PACIENTE_692', '2000-08-10', '21029829309', 'ativo'),
(706, 'PACIENTE_693', '2000-08-10', '21029829309', 'ativo'),
(707, 'PACIENTE_694', '2000-08-10', '21029829309', 'ativo'),
(708, 'PACIENTE_695', '2000-08-10', '21029829309', 'ativo'),
(709, 'PACIENTE_696', '2000-08-10', '21029829309', 'ativo'),
(710, 'PACIENTE_697', '2000-08-10', '21029829309', 'ativo'),
(711, 'PACIENTE_698', '2000-08-10', '21029829309', 'ativo'),
(712, 'PACIENTE_699', '2000-08-10', '21029829309', 'ativo'),
(713, 'PACIENTE_700', '2000-08-10', '21029829309', 'ativo'),
(714, 'PACIENTE_701', '2000-08-10', '21029829309', 'ativo'),
(715, 'PACIENTE_702', '2000-08-10', '21029829309', 'ativo'),
(716, 'PACIENTE_703', '2000-08-10', '21029829309', 'ativo'),
(717, 'PACIENTE_704', '2000-08-10', '21029829309', 'ativo'),
(718, 'PACIENTE_705', '2000-08-10', '21029829309', 'ativo'),
(719, 'PACIENTE_706', '2000-08-10', '21029829309', 'ativo'),
(720, 'PACIENTE_707', '2000-08-10', '21029829309', 'ativo'),
(721, 'PACIENTE_708', '2000-08-10', '21029829309', 'ativo'),
(722, 'PACIENTE_709', '2000-08-10', '21029829309', 'ativo'),
(723, 'PACIENTE_710', '2000-08-10', '21029829309', 'ativo'),
(724, 'PACIENTE_711', '2000-08-10', '21029829309', 'ativo'),
(725, 'PACIENTE_712', '2000-08-10', '21029829309', 'ativo'),
(726, 'PACIENTE_713', '2000-08-10', '21029829309', 'ativo'),
(727, 'PACIENTE_714', '2000-08-10', '21029829309', 'ativo'),
(728, 'PACIENTE_715', '2000-08-10', '21029829309', 'ativo'),
(729, 'PACIENTE_716', '2000-08-10', '21029829309', 'ativo'),
(730, 'PACIENTE_717', '2000-08-10', '21029829309', 'ativo'),
(731, 'PACIENTE_718', '2000-08-10', '21029829309', 'ativo'),
(732, 'PACIENTE_719', '2000-08-10', '21029829309', 'ativo'),
(733, 'PACIENTE_720', '2000-08-10', '21029829309', 'ativo'),
(734, 'PACIENTE_721', '2000-08-10', '21029829309', 'ativo'),
(735, 'PACIENTE_722', '2000-08-10', '21029829309', 'ativo'),
(736, 'PACIENTE_723', '2000-08-10', '21029829309', 'ativo'),
(737, 'PACIENTE_724', '2000-08-10', '21029829309', 'ativo'),
(738, 'PACIENTE_725', '2000-08-10', '21029829309', 'ativo'),
(739, 'PACIENTE_726', '2000-08-10', '21029829309', 'ativo'),
(740, 'PACIENTE_727', '2000-08-10', '21029829309', 'ativo'),
(741, 'PACIENTE_728', '2000-08-10', '21029829309', 'ativo'),
(742, 'PACIENTE_729', '2000-08-10', '21029829309', 'ativo'),
(743, 'PACIENTE_730', '2000-08-10', '21029829309', 'ativo'),
(744, 'PACIENTE_731', '2000-08-10', '21029829309', 'ativo'),
(745, 'PACIENTE_732', '2000-08-10', '21029829309', 'ativo'),
(746, 'PACIENTE_733', '2000-08-10', '21029829309', 'ativo'),
(747, 'PACIENTE_734', '2000-08-10', '21029829309', 'ativo'),
(748, 'PACIENTE_735', '2000-08-10', '21029829309', 'ativo'),
(749, 'PACIENTE_736', '2000-08-10', '21029829309', 'ativo'),
(750, 'PACIENTE_737', '2000-08-10', '21029829309', 'ativo'),
(751, 'PACIENTE_738', '2000-08-10', '21029829309', 'ativo'),
(752, 'PACIENTE_739', '2000-08-10', '21029829309', 'ativo'),
(753, 'PACIENTE_740', '2000-08-10', '21029829309', 'ativo'),
(754, 'PACIENTE_741', '2000-08-10', '21029829309', 'ativo'),
(755, 'PACIENTE_742', '2000-08-10', '21029829309', 'ativo'),
(756, 'PACIENTE_743', '2000-08-10', '21029829309', 'ativo'),
(757, 'PACIENTE_744', '2000-08-10', '21029829309', 'ativo'),
(758, 'PACIENTE_745', '2000-08-10', '21029829309', 'ativo'),
(759, 'PACIENTE_746', '2000-08-10', '21029829309', 'ativo'),
(760, 'PACIENTE_747', '2000-08-10', '21029829309', 'ativo'),
(761, 'PACIENTE_748', '2000-08-10', '21029829309', 'ativo'),
(762, 'PACIENTE_749', '2000-08-10', '21029829309', 'ativo'),
(763, 'PACIENTE_750', '2000-08-10', '21029829309', 'ativo'),
(764, 'PACIENTE_751', '2000-08-10', '21029829309', 'ativo'),
(765, 'PACIENTE_752', '2000-08-10', '21029829309', 'ativo'),
(766, 'PACIENTE_753', '2000-08-10', '21029829309', 'ativo'),
(767, 'PACIENTE_754', '2000-08-10', '21029829309', 'ativo'),
(768, 'PACIENTE_755', '2000-08-10', '21029829309', 'ativo'),
(769, 'PACIENTE_756', '2000-08-10', '21029829309', 'ativo'),
(770, 'PACIENTE_757', '2000-08-10', '21029829309', 'ativo'),
(771, 'PACIENTE_758', '2000-08-10', '21029829309', 'ativo'),
(772, 'PACIENTE_759', '2000-08-10', '21029829309', 'ativo'),
(773, 'PACIENTE_760', '2000-08-10', '21029829309', 'ativo'),
(774, 'PACIENTE_761', '2000-08-10', '21029829309', 'ativo'),
(775, 'PACIENTE_762', '2000-08-10', '21029829309', 'ativo'),
(776, 'PACIENTE_763', '2000-08-10', '21029829309', 'ativo'),
(777, 'PACIENTE_764', '2000-08-10', '21029829309', 'ativo'),
(778, 'PACIENTE_765', '2000-08-10', '21029829309', 'ativo'),
(779, 'PACIENTE_766', '2000-08-10', '21029829309', 'ativo'),
(780, 'PACIENTE_767', '2000-08-10', '21029829309', 'ativo'),
(781, 'PACIENTE_768', '2000-08-10', '21029829309', 'ativo'),
(782, 'PACIENTE_769', '2000-08-10', '21029829309', 'ativo'),
(783, 'PACIENTE_770', '2000-08-10', '21029829309', 'ativo'),
(784, 'PACIENTE_771', '2000-08-10', '21029829309', 'ativo'),
(785, 'PACIENTE_772', '2000-08-10', '21029829309', 'ativo'),
(786, 'PACIENTE_773', '2000-08-10', '21029829309', 'ativo'),
(787, 'PACIENTE_774', '2000-08-10', '21029829309', 'ativo'),
(788, 'PACIENTE_775', '2000-08-10', '21029829309', 'ativo'),
(789, 'PACIENTE_776', '2000-08-10', '21029829309', 'ativo'),
(790, 'PACIENTE_777', '2000-08-10', '21029829309', 'ativo'),
(791, 'PACIENTE_778', '2000-08-10', '21029829309', 'ativo'),
(792, 'PACIENTE_779', '2000-08-10', '21029829309', 'ativo'),
(793, 'PACIENTE_780', '2000-08-10', '21029829309', 'ativo'),
(794, 'PACIENTE_781', '2000-08-10', '21029829309', 'ativo'),
(795, 'PACIENTE_782', '2000-08-10', '21029829309', 'ativo'),
(796, 'PACIENTE_783', '2000-08-10', '21029829309', 'ativo'),
(797, 'PACIENTE_784', '2000-08-10', '21029829309', 'ativo'),
(798, 'PACIENTE_785', '2000-08-10', '21029829309', 'ativo'),
(799, 'PACIENTE_786', '2000-08-10', '21029829309', 'ativo'),
(800, 'PACIENTE_787', '2000-08-10', '21029829309', 'ativo'),
(801, 'PACIENTE_788', '2000-08-10', '21029829309', 'ativo'),
(802, 'PACIENTE_789', '2000-08-10', '21029829309', 'ativo'),
(803, 'PACIENTE_790', '2000-08-10', '21029829309', 'ativo'),
(804, 'PACIENTE_791', '2000-08-10', '21029829309', 'ativo'),
(805, 'PACIENTE_792', '2000-08-10', '21029829309', 'ativo'),
(806, 'PACIENTE_793', '2000-08-10', '21029829309', 'ativo'),
(807, 'PACIENTE_794', '2000-08-10', '21029829309', 'ativo'),
(808, 'PACIENTE_795', '2000-08-10', '21029829309', 'ativo'),
(809, 'PACIENTE_796', '2000-08-10', '21029829309', 'ativo'),
(810, 'PACIENTE_797', '2000-08-10', '21029829309', 'ativo'),
(811, 'PACIENTE_798', '2000-08-10', '21029829309', 'ativo'),
(812, 'PACIENTE_799', '2000-08-10', '21029829309', 'ativo'),
(813, 'PACIENTE_800', '2000-08-10', '21029829309', 'ativo'),
(814, 'PACIENTE_801', '2000-08-10', '21029829309', 'ativo'),
(815, 'PACIENTE_802', '2000-08-10', '21029829309', 'ativo'),
(816, 'PACIENTE_803', '2000-08-10', '21029829309', 'ativo'),
(817, 'PACIENTE_804', '2000-08-10', '21029829309', 'ativo'),
(818, 'PACIENTE_805', '2000-08-10', '21029829309', 'ativo'),
(819, 'PACIENTE_806', '2000-08-10', '21029829309', 'ativo'),
(820, 'PACIENTE_807', '2000-08-10', '21029829309', 'ativo'),
(821, 'PACIENTE_808', '2000-08-10', '21029829309', 'ativo'),
(822, 'PACIENTE_809', '2000-08-10', '21029829309', 'ativo'),
(823, 'PACIENTE_810', '2000-08-10', '21029829309', 'ativo'),
(824, 'PACIENTE_811', '2000-08-10', '21029829309', 'ativo'),
(825, 'PACIENTE_812', '2000-08-10', '21029829309', 'ativo'),
(826, 'PACIENTE_813', '2000-08-10', '21029829309', 'ativo'),
(827, 'PACIENTE_814', '2000-08-10', '21029829309', 'ativo'),
(828, 'PACIENTE_815', '2000-08-10', '21029829309', 'ativo'),
(829, 'PACIENTE_816', '2000-08-10', '21029829309', 'ativo'),
(830, 'PACIENTE_817', '2000-08-10', '21029829309', 'ativo'),
(831, 'PACIENTE_818', '2000-08-10', '21029829309', 'ativo'),
(832, 'PACIENTE_819', '2000-08-10', '21029829309', 'ativo'),
(833, 'PACIENTE_820', '2000-08-10', '21029829309', 'ativo'),
(834, 'PACIENTE_821', '2000-08-10', '21029829309', 'ativo'),
(835, 'PACIENTE_822', '2000-08-10', '21029829309', 'ativo'),
(836, 'PACIENTE_823', '2000-08-10', '21029829309', 'ativo'),
(837, 'PACIENTE_824', '2000-08-10', '21029829309', 'ativo'),
(838, 'PACIENTE_825', '2000-08-10', '21029829309', 'ativo'),
(839, 'PACIENTE_826', '2000-08-10', '21029829309', 'ativo'),
(840, 'PACIENTE_827', '2000-08-10', '21029829309', 'ativo'),
(841, 'PACIENTE_828', '2000-08-10', '21029829309', 'ativo'),
(842, 'PACIENTE_829', '2000-08-10', '21029829309', 'ativo'),
(843, 'PACIENTE_830', '2000-08-10', '21029829309', 'ativo'),
(844, 'PACIENTE_831', '2000-08-10', '21029829309', 'ativo'),
(845, 'PACIENTE_832', '2000-08-10', '21029829309', 'ativo'),
(846, 'PACIENTE_833', '2000-08-10', '21029829309', 'ativo'),
(847, 'PACIENTE_834', '2000-08-10', '21029829309', 'ativo'),
(848, 'PACIENTE_835', '2000-08-10', '21029829309', 'ativo'),
(849, 'PACIENTE_836', '2000-08-10', '21029829309', 'ativo');
INSERT INTO `pacientes` (`id`, `nome`, `dataNasc`, `CPF`, `status`) VALUES
(850, 'PACIENTE_837', '2000-08-10', '21029829309', 'ativo'),
(851, 'PACIENTE_838', '2000-08-10', '21029829309', 'ativo'),
(852, 'PACIENTE_839', '2000-08-10', '21029829309', 'ativo'),
(853, 'PACIENTE_840', '2000-08-10', '21029829309', 'ativo'),
(854, 'PACIENTE_841', '2000-08-10', '21029829309', 'ativo'),
(855, 'PACIENTE_842', '2000-08-10', '21029829309', 'ativo'),
(856, 'PACIENTE_843', '2000-08-10', '21029829309', 'ativo'),
(857, 'PACIENTE_844', '2000-08-10', '21029829309', 'ativo'),
(858, 'PACIENTE_845', '2000-08-10', '21029829309', 'ativo'),
(859, 'PACIENTE_846', '2000-08-10', '21029829309', 'ativo'),
(860, 'PACIENTE_847', '2000-08-10', '21029829309', 'ativo'),
(861, 'PACIENTE_848', '2000-08-10', '21029829309', 'ativo'),
(862, 'PACIENTE_849', '2000-08-10', '21029829309', 'ativo'),
(863, 'PACIENTE_850', '2000-08-10', '21029829309', 'ativo'),
(864, 'PACIENTE_851', '2000-08-10', '21029829309', 'ativo'),
(865, 'PACIENTE_852', '2000-08-10', '21029829309', 'ativo'),
(866, 'PACIENTE_853', '2000-08-10', '21029829309', 'ativo'),
(867, 'PACIENTE_854', '2000-08-10', '21029829309', 'ativo'),
(868, 'PACIENTE_855', '2000-08-10', '21029829309', 'ativo'),
(869, 'PACIENTE_856', '2000-08-10', '21029829309', 'ativo'),
(870, 'PACIENTE_857', '2000-08-10', '21029829309', 'ativo'),
(871, 'PACIENTE_858', '2000-08-10', '21029829309', 'ativo'),
(872, 'PACIENTE_859', '2000-08-10', '21029829309', 'ativo'),
(873, 'PACIENTE_860', '2000-08-10', '21029829309', 'ativo'),
(874, 'PACIENTE_861', '2000-08-10', '21029829309', 'ativo'),
(875, 'PACIENTE_862', '2000-08-10', '21029829309', 'ativo'),
(876, 'PACIENTE_863', '2000-08-10', '21029829309', 'ativo'),
(877, 'PACIENTE_864', '2000-08-10', '21029829309', 'ativo'),
(878, 'PACIENTE_865', '2000-08-10', '21029829309', 'ativo'),
(879, 'PACIENTE_866', '2000-08-10', '21029829309', 'ativo'),
(880, 'PACIENTE_867', '2000-08-10', '21029829309', 'ativo'),
(881, 'PACIENTE_868', '2000-08-10', '21029829309', 'ativo'),
(882, 'PACIENTE_869', '2000-08-10', '21029829309', 'ativo'),
(883, 'PACIENTE_870', '2000-08-10', '21029829309', 'ativo'),
(884, 'PACIENTE_871', '2000-08-10', '21029829309', 'ativo'),
(885, 'PACIENTE_872', '2000-08-10', '21029829309', 'ativo'),
(886, 'PACIENTE_873', '2000-08-10', '21029829309', 'ativo'),
(887, 'PACIENTE_874', '2000-08-10', '21029829309', 'ativo'),
(888, 'PACIENTE_875', '2000-08-10', '21029829309', 'ativo'),
(889, 'PACIENTE_876', '2000-08-10', '21029829309', 'ativo'),
(890, 'PACIENTE_877', '2000-08-10', '21029829309', 'ativo'),
(891, 'PACIENTE_878', '2000-08-10', '21029829309', 'ativo'),
(892, 'PACIENTE_879', '2000-08-10', '21029829309', 'ativo'),
(893, 'PACIENTE_880', '2000-08-10', '21029829309', 'ativo'),
(894, 'PACIENTE_881', '2000-08-10', '21029829309', 'ativo'),
(895, 'PACIENTE_882', '2000-08-10', '21029829309', 'ativo'),
(896, 'PACIENTE_883', '2000-08-10', '21029829309', 'ativo'),
(897, 'PACIENTE_884', '2000-08-10', '21029829309', 'ativo'),
(898, 'PACIENTE_885', '2000-08-10', '21029829309', 'ativo'),
(899, 'PACIENTE_886', '2000-08-10', '21029829309', 'ativo'),
(900, 'PACIENTE_887', '2000-08-10', '21029829309', 'ativo'),
(901, 'PACIENTE_888', '2000-08-10', '21029829309', 'ativo'),
(902, 'PACIENTE_889', '2000-08-10', '21029829309', 'ativo'),
(903, 'PACIENTE_890', '2000-08-10', '21029829309', 'ativo'),
(904, 'PACIENTE_891', '2000-08-10', '21029829309', 'ativo'),
(905, 'PACIENTE_892', '2000-08-10', '21029829309', 'ativo'),
(906, 'PACIENTE_893', '2000-08-10', '21029829309', 'ativo'),
(907, 'PACIENTE_894', '2000-08-10', '21029829309', 'ativo'),
(908, 'PACIENTE_895', '2000-08-10', '21029829309', 'ativo'),
(909, 'PACIENTE_896', '2000-08-10', '21029829309', 'ativo'),
(910, 'PACIENTE_897', '2000-08-10', '21029829309', 'ativo'),
(911, 'PACIENTE_898', '2000-08-10', '21029829309', 'ativo'),
(912, 'PACIENTE_899', '2000-08-10', '21029829309', 'ativo'),
(913, 'PACIENTE_900', '2000-08-10', '21029829309', 'ativo'),
(914, 'PACIENTE_901', '2000-08-10', '21029829309', 'ativo'),
(915, 'PACIENTE_902', '2000-08-10', '21029829309', 'ativo'),
(916, 'PACIENTE_903', '2000-08-10', '21029829309', 'ativo'),
(917, 'PACIENTE_904', '2000-08-10', '21029829309', 'ativo'),
(918, 'PACIENTE_905', '2000-08-10', '21029829309', 'ativo'),
(919, 'PACIENTE_906', '2000-08-10', '21029829309', 'ativo'),
(920, 'PACIENTE_907', '2000-08-10', '21029829309', 'ativo'),
(921, 'PACIENTE_908', '2000-08-10', '21029829309', 'ativo'),
(922, 'PACIENTE_909', '2000-08-10', '21029829309', 'ativo'),
(923, 'PACIENTE_910', '2000-08-10', '21029829309', 'ativo'),
(924, 'PACIENTE_911', '2000-08-10', '21029829309', 'ativo'),
(925, 'PACIENTE_912', '2000-08-10', '21029829309', 'ativo'),
(926, 'PACIENTE_913', '2000-08-10', '21029829309', 'ativo'),
(927, 'PACIENTE_914', '2000-08-10', '21029829309', 'ativo'),
(928, 'PACIENTE_915', '2000-08-10', '21029829309', 'ativo'),
(929, 'PACIENTE_916', '2000-08-10', '21029829309', 'ativo'),
(930, 'PACIENTE_917', '2000-08-10', '21029829309', 'ativo'),
(931, 'PACIENTE_918', '2000-08-10', '21029829309', 'ativo'),
(932, 'PACIENTE_919', '2000-08-10', '21029829309', 'ativo'),
(933, 'PACIENTE_920', '2000-08-10', '21029829309', 'ativo'),
(934, 'PACIENTE_921', '2000-08-10', '21029829309', 'ativo'),
(935, 'PACIENTE_922', '2000-08-10', '21029829309', 'ativo'),
(936, 'PACIENTE_923', '2000-08-10', '21029829309', 'ativo'),
(937, 'PACIENTE_924', '2000-08-10', '21029829309', 'ativo'),
(938, 'PACIENTE_925', '2000-08-10', '21029829309', 'ativo'),
(939, 'PACIENTE_926', '2000-08-10', '21029829309', 'ativo'),
(940, 'PACIENTE_927', '2000-08-10', '21029829309', 'ativo'),
(941, 'PACIENTE_928', '2000-08-10', '21029829309', 'ativo'),
(942, 'PACIENTE_929', '2000-08-10', '21029829309', 'ativo'),
(943, 'PACIENTE_930', '2000-08-10', '21029829309', 'ativo'),
(944, 'PACIENTE_931', '2000-08-10', '21029829309', 'ativo'),
(945, 'PACIENTE_932', '2000-08-10', '21029829309', 'ativo'),
(946, 'PACIENTE_933', '2000-08-10', '21029829309', 'ativo'),
(947, 'PACIENTE_934', '2000-08-10', '21029829309', 'ativo'),
(948, 'PACIENTE_935', '2000-08-10', '21029829309', 'ativo'),
(949, 'PACIENTE_936', '2000-08-10', '21029829309', 'ativo'),
(950, 'PACIENTE_937', '2000-08-10', '21029829309', 'ativo'),
(951, 'PACIENTE_938', '2000-08-10', '21029829309', 'ativo'),
(952, 'PACIENTE_939', '2000-08-10', '21029829309', 'ativo'),
(953, 'PACIENTE_940', '2000-08-10', '21029829309', 'ativo'),
(954, 'PACIENTE_941', '2000-08-10', '21029829309', 'ativo'),
(955, 'PACIENTE_942', '2000-08-10', '21029829309', 'ativo'),
(956, 'PACIENTE_943', '2000-08-10', '21029829309', 'ativo'),
(957, 'PACIENTE_944', '2000-08-10', '21029829309', 'ativo'),
(958, 'PACIENTE_945', '2000-08-10', '21029829309', 'ativo'),
(959, 'PACIENTE_946', '2000-08-10', '21029829309', 'ativo'),
(960, 'PACIENTE_947', '2000-08-10', '21029829309', 'ativo'),
(961, 'PACIENTE_948', '2000-08-10', '21029829309', 'ativo'),
(962, 'PACIENTE_949', '2000-08-10', '21029829309', 'ativo'),
(963, 'PACIENTE_950', '2000-08-10', '21029829309', 'ativo'),
(964, 'PACIENTE_951', '2000-08-10', '21029829309', 'ativo'),
(965, 'PACIENTE_952', '2000-08-10', '21029829309', 'ativo'),
(966, 'PACIENTE_953', '2000-08-10', '21029829309', 'ativo'),
(967, 'PACIENTE_954', '2000-08-10', '21029829309', 'ativo'),
(968, 'PACIENTE_955', '2000-08-10', '21029829309', 'ativo'),
(969, 'PACIENTE_956', '2000-08-10', '21029829309', 'ativo'),
(970, 'PACIENTE_957', '2000-08-10', '21029829309', 'ativo'),
(971, 'PACIENTE_958', '2000-08-10', '21029829309', 'ativo'),
(972, 'PACIENTE_959', '2000-08-10', '21029829309', 'ativo'),
(973, 'PACIENTE_960', '2000-08-10', '21029829309', 'ativo'),
(974, 'PACIENTE_961', '2000-08-10', '21029829309', 'ativo'),
(975, 'PACIENTE_962', '2000-08-10', '21029829309', 'ativo'),
(976, 'PACIENTE_963', '2000-08-10', '21029829309', 'ativo'),
(977, 'PACIENTE_964', '2000-08-10', '21029829309', 'ativo'),
(978, 'PACIENTE_965', '2000-08-10', '21029829309', 'ativo'),
(979, 'PACIENTE_966', '2000-08-10', '21029829309', 'ativo'),
(980, 'PACIENTE_967', '2000-08-10', '21029829309', 'ativo'),
(981, 'PACIENTE_968', '2000-08-10', '21029829309', 'ativo'),
(982, 'PACIENTE_969', '2000-08-10', '21029829309', 'ativo'),
(983, 'PACIENTE_970', '2000-08-10', '21029829309', 'ativo'),
(984, 'PACIENTE_971', '2000-08-10', '21029829309', 'ativo'),
(985, 'PACIENTE_972', '2000-08-10', '21029829309', 'ativo'),
(986, 'PACIENTE_973', '2000-08-10', '21029829309', 'ativo'),
(987, 'PACIENTE_974', '2000-08-10', '21029829309', 'ativo'),
(988, 'PACIENTE_975', '2000-08-10', '21029829309', 'ativo'),
(989, 'PACIENTE_976', '2000-08-10', '21029829309', 'ativo'),
(990, 'PACIENTE_977', '2000-08-10', '21029829309', 'ativo'),
(991, 'PACIENTE_978', '2000-08-10', '21029829309', 'ativo'),
(992, 'PACIENTE_979', '2000-08-10', '21029829309', 'ativo'),
(993, 'PACIENTE_980', '2000-08-10', '21029829309', 'ativo'),
(994, 'PACIENTE_981', '2000-08-10', '21029829309', 'ativo'),
(995, 'PACIENTE_982', '2000-08-10', '21029829309', 'ativo'),
(996, 'PACIENTE_983', '2000-08-10', '21029829309', 'ativo'),
(997, 'PACIENTE_984', '2000-08-10', '21029829309', 'ativo'),
(998, 'PACIENTE_985', '2000-08-10', '21029829309', 'ativo'),
(999, 'PACIENTE_986', '2000-08-10', '21029829309', 'ativo'),
(1000, 'PACIENTE_987', '2000-08-10', '21029829309', 'ativo'),
(1001, 'PACIENTE_988', '2000-08-10', '21029829309', 'ativo'),
(1002, 'PACIENTE_989', '2000-08-10', '21029829309', 'ativo'),
(1003, 'PACIENTE_990', '2000-08-10', '21029829309', 'ativo'),
(1004, 'PACIENTE_991', '2000-08-10', '21029829309', 'ativo'),
(1005, 'PACIENTE_992', '2000-08-10', '21029829309', 'ativo'),
(1006, 'PACIENTE_993', '2000-08-10', '21029829309', 'ativo'),
(1007, 'PACIENTE_994', '2000-08-10', '21029829309', 'ativo'),
(1008, 'PACIENTE_995', '2000-08-10', '21029829309', 'ativo'),
(1009, 'PACIENTE_996', '2000-08-10', '21029829309', 'ativo'),
(1010, 'PACIENTE_997', '2000-08-10', '21029829309', 'ativo'),
(1011, 'PACIENTE_998', '2000-08-10', '21029829309', 'ativo'),
(1012, 'PACIENTE_999', '2000-08-10', '21029829309', 'ativo');

-- --------------------------------------------------------

--
-- Estrutura para tabela `procedimentos`
--

CREATE TABLE `procedimentos` (
  `id` int(11) NOT NULL,
  `descricao` varchar(250) NOT NULL,
  `tipo_id` int(11) NOT NULL,
  `status` varchar(7) NOT NULL
) ENGINE=InnoDB DEFAULT CHARSET=utf8mb4 COLLATE=utf8mb4_general_ci;

--
-- Despejando dados para a tabela `procedimentos`
--

INSERT INTO `procedimentos` (`id`, `descricao`, `tipo_id`, `status`) VALUES
(1, 'Consulta Pediátrica ', 1, 'ativo'),
(2, 'Consulta Clínico Geral', 1, 'ativo'),
(3, 'Hemograma', 2, 'ativo'),
(4, 'Glicemia', 2, 'ativo'),
(5, 'Colesterol', 2, 'ativo'),
(6, 'Triglicerídeos', 2, 'ativo');

-- --------------------------------------------------------

--
-- Estrutura para tabela `profissional`
--

CREATE TABLE `profissional` (
  `id` int(11) NOT NULL,
  `nome` varchar(50) NOT NULL,
  `status` varchar(7) NOT NULL
) ENGINE=InnoDB DEFAULT CHARSET=utf8mb4 COLLATE=utf8mb4_general_ci;

--
-- Despejando dados para a tabela `profissional`
--

INSERT INTO `profissional` (`id`, `nome`, `status`) VALUES
(1, 'Orlando Nobrega', 'ativo'),
(2, 'Rafaela Tenorio', 'ativo'),
(3, 'João Paulo Nobrega', 'ativo');

-- --------------------------------------------------------

--
-- Estrutura para tabela `profissionalatende`
--

CREATE TABLE `profissionalatende` (
  `id` int(11) NOT NULL,
  `procedimento_id` int(11) NOT NULL,
  `profissional_id` int(11) NOT NULL,
  `status` varchar(7) NOT NULL
) ENGINE=InnoDB DEFAULT CHARSET=utf8mb4 COLLATE=utf8mb4_general_ci;

--
-- Despejando dados para a tabela `profissionalatende`
--

INSERT INTO `profissionalatende` (`id`, `procedimento_id`, `profissional_id`, `status`) VALUES
(1, 1, 2, 'ativo'),
(1, 2, 2, 'ativo'),
(1, 2, 3, 'ativo'),
(1, 1, 3, 'inativo'),
(1, 3, 1, 'ativo'),
(1, 4, 1, 'ativo'),
(1, 5, 1, 'ativo'),
(1, 6, 1, 'ativo');

-- --------------------------------------------------------

--
-- Estrutura para tabela `solicitacoes`
--

CREATE TABLE `solicitacoes` (
  `id` int(11) NOT NULL,
  `paciente_id` int(11) NOT NULL,
  `horaAtendimento` time NOT NULL,
  `diaAtendimento` date NOT NULL,
  `tipo_id` int(11) NOT NULL,
  `profissional_id` int(11) NOT NULL,
  `Procedimentos` text NOT NULL
) ENGINE=InnoDB DEFAULT CHARSET=utf8mb4 COLLATE=utf8mb4_general_ci;

--
-- Despejando dados para a tabela `solicitacoes`
--

INSERT INTO `solicitacoes` (`id`, `paciente_id`, `horaAtendimento`, `diaAtendimento`, `tipo_id`, `profissional_id`, `Procedimentos`) VALUES
(19, 1, '18:14:00', '2024-01-15', 2, 1, '[\"Colesterol\",\"Hemograma\"]'),
(20, 1, '18:20:00', '2024-01-24', 1, 2, 'Consulta Clínico Geral');

-- --------------------------------------------------------

--
-- Estrutura para tabela `tiposolicitacao`
--

CREATE TABLE `tiposolicitacao` (
  `id` int(11) NOT NULL,
  `descricao` varchar(250) NOT NULL,
  `status` varchar(7) NOT NULL
) ENGINE=InnoDB DEFAULT CHARSET=utf8mb4 COLLATE=utf8mb4_general_ci;

--
-- Despejando dados para a tabela `tiposolicitacao`
--

INSERT INTO `tiposolicitacao` (`id`, `descricao`, `status`) VALUES
(1, 'Consulta', 'ativo'),
(2, 'Exames Laboratoriais', 'ativo');

--
-- Índices para tabelas despejadas
--

--
-- Índices de tabela `pacientes`
--
ALTER TABLE `pacientes`
  ADD PRIMARY KEY (`id`);

--
-- Índices de tabela `procedimentos`
--
ALTER TABLE `procedimentos`
  ADD PRIMARY KEY (`id`);

--
-- Índices de tabela `profissional`
--
ALTER TABLE `profissional`
  ADD PRIMARY KEY (`id`);

--
-- Índices de tabela `solicitacoes`
--
ALTER TABLE `solicitacoes`
  ADD PRIMARY KEY (`id`);

--
-- Índices de tabela `tiposolicitacao`
--
ALTER TABLE `tiposolicitacao`
  ADD PRIMARY KEY (`id`);

--
-- AUTO_INCREMENT para tabelas despejadas
--

--
-- AUTO_INCREMENT de tabela `pacientes`
--
ALTER TABLE `pacientes`
  MODIFY `id` int(11) NOT NULL AUTO_INCREMENT, AUTO_INCREMENT=1013;

--
-- AUTO_INCREMENT de tabela `procedimentos`
--
ALTER TABLE `procedimentos`
  MODIFY `id` int(11) NOT NULL AUTO_INCREMENT, AUTO_INCREMENT=7;

--
-- AUTO_INCREMENT de tabela `profissional`
--
ALTER TABLE `profissional`
  MODIFY `id` int(11) NOT NULL AUTO_INCREMENT, AUTO_INCREMENT=4;

--
-- AUTO_INCREMENT de tabela `solicitacoes`
--
ALTER TABLE `solicitacoes`
  MODIFY `id` int(11) NOT NULL AUTO_INCREMENT, AUTO_INCREMENT=21;

--
-- AUTO_INCREMENT de tabela `tiposolicitacao`
--
ALTER TABLE `tiposolicitacao`
  MODIFY `id` int(11) NOT NULL AUTO_INCREMENT, AUTO_INCREMENT=3;
COMMIT;

/*!40101 SET CHARACTER_SET_CLIENT=@OLD_CHARACTER_SET_CLIENT */;
/*!40101 SET CHARACTER_SET_RESULTS=@OLD_CHARACTER_SET_RESULTS */;
/*!40101 SET COLLATION_CONNECTION=@OLD_COLLATION_CONNECTION */;
